id,city,neighborhood,name,lat,lng,person_capacity,space_type,picture_url,price_rate,image_description,image_dominantfgColor,image_dominantbgColor
28103946,Toronto,Downtown Toronto,"Chic, Modern condo downtown by Scotiabank Arena!",43.64327,-79.38115,4,Entire condominium,https://a0.muscache.com/im/pictures/36fa807f-2441-4622-b947-955e7dcdb0ad.jpg?aki_policy=large,38,a living room filled with furniture and a large window,White,Black
11533218,Toronto,Downtown Toronto,Luxurious Condo near CN Tower with FREE PARKING,43.64252,-79.39617,4,Entire condominium,https://a0.muscache.com/im/pictures/a22f9757-3475-4b67-a739-4db965c03b55.jpg?aki_policy=large,90,a close up of a stone building that has a bench in a room,Grey,Grey
12290314,Toronto,Downtown Toronto,Take in Panoramic City Views from a Sophisticated Condominium,43.65391,-79.38273,2,Entire condominium,"https://a0.muscache.com/4ea/air/v2/pictures/f36fd614-c2c3-4b65-b28d-c99e230820f3.jpg?t=r:w1200-h720-sfit,e:fjpg-c90",113,a living room filled with furniture and a large window,White,White
18254263,Toronto,Downtown Toronto,*City View Studio 3 mins to University and Subway*,43.66192,-79.38503,3,Entire condominium,https://a0.muscache.com/im/pictures/0f1e2974-05f4-4f8f-9ea4-8801fef56c11.jpg?aki_policy=large,75,a kitchen with a dining room table,White,White
15239234,Toronto,Downtown Toronto,Designer penthouse loft w sunset balcony (King W),43.64628,-79.40063,2,Entire apartment,https://a0.muscache.com/im/pictures/09e2524d-e6d7-40f2-8462-4eaf54820335.jpg?aki_policy=large,72,a living room,Black,Black
10835701,Toronto,Garden District,Japan Inspired Studio Apartment,43.6552,-79.37519,4,Entire apartment,https://a0.muscache.com/im/pictures/6500218d-4a14-459c-907f-e30d6c3c6dbd.jpg?aki_policy=large,41,a living room with a wooden floor,Grey,Grey
9826723,Toronto,Downtown Toronto,King West Executive Suite with Large Balcony,43.6468,-79.39877,3,Entire condominium,"https://a0.muscache.com/4ea/air/v2/pictures/3737f7db-4f31-4922-89d5-3191020fc665.jpg?t=r:w1200-h720-sfit,e:fjpg-c90",75,a bedroom with a bed in a room,White,Grey
15699861,Toronto,Dovercourt Park,Cozy 1 bedroom apartment (2 beds) close to subway.,43.66244,-79.42993,2,Entire apartment,https://a0.muscache.com/im/pictures/295a86ec-d910-4285-81bf-add9e2ed01d2.jpg?aki_policy=large,40,a living room filled with furniture and a fire place,Grey,Black
7132329,Toronto,Downtown Toronto,Explore Downtown from a Cosy Central Apartment,43.666962,-79.376122,2,Entire condominium,"https://a0.muscache.com/4ea/air/v2/pictures/4a641f8e-74c5-4aa9-acae-12fd9275fcb5.jpg?t=r:w1200-h720-sfit,e:fjpg-c90",83,a living room filled with furniture and a large window,White,White
14925943,Toronto,Downtown Toronto,High Floor | Balcony | Fast WiFi | ❤️ of Downtown,43.641632,-79.38205,2,Entire condominium,https://a0.muscache.com/im/pictures/56d5d53d-e592-4bd4-9d76-b739f2f85a98.jpg?aki_policy=large,72,a tall building in a city,Grey,Grey
5557092,Toronto,Downtown Toronto,Million dollar view!,43.64844,-79.39213,4,Entire apartment,https://a0.muscache.com/im/pictures/d9c89797-9066-4d8c-805f-c71d278aa801.jpg?aki_policy=large,52,a tall building in a city,Black,Black
13716594,Toronto,Garden District,Studio Yellow at Downtown Core,43.65514,-79.37424,4,Entire apartment,https://a0.muscache.com/im/pictures/452158cb-6f9c-4e1a-9b48-1cb9d129ede1.jpg?aki_policy=large,56,a bedroom with a large window,Grey,Grey
5025880,Toronto,Cliffcrest,"Cozy, Private Studio Flat 21 min to downtown by GO",43.73545,-79.2299,2,Entire guesthouse,https://a0.muscache.com/im/pictures/94031618/dde045e4_original.jpg?aki_policy=large,49,a small house in a pool of water,Black,Black
14806985,Toronto,Garden District,Studio Orange Pillows,43.6543,-79.37508,4,Entire apartment,https://a0.muscache.com/im/pictures/7e8f153f-1934-4a12-86bf-0119b0b103fd.jpg?aki_policy=large,48,a bedroom with a bed and a chair in a room,Black,White
18630892,Toronto,Downtown Toronto,Bright Welcoming Condominium Close to CN Tower,43.644173,-79.38942,2,Entire condominium,"https://a0.muscache.com/4ea/air/v2/pictures/64455e2a-5ac6-457c-8229-ce94cc50c2f5.jpg?t=r:w1200-h720-sfit,e:fjpg-c90",75,a bedroom with a bed in a room,White,White
18507725,Toronto,Dovercourt Park,Basement Guest Suite in Toronto's Annex Area,43.66784,-79.42429,2,Entire guest suite,https://a0.muscache.com/im/pictures/4dd825ec-b30b-4cbd-99cf-3afa258a549b.jpg?aki_policy=large,64,a living room filled with furniture and a fireplace,Grey,Grey
7324823,Toronto,Parkdale,Cozy up Under the Gallery Wall at a Neutral-Toned Haven,43.63979,-79.43787,2,Entire apartment,"https://a0.muscache.com/4ea/air/v2/pictures/9ef5510b-a69c-48ae-a8a9-d50e611d14ab.jpg?t=r:w1200-h720-sfit,e:fjpg-c90",64,a large white bed in a room,White,White
20902086,Toronto,Garden District,Studio Urban,43.65521,-79.37378,6,Entire apartment,https://a0.muscache.com/im/pictures/a31fb418-c5fa-4891-abaa-5ea99790888d.jpg?aki_policy=large,47,a double bed in a room,White,White
6406028,Toronto,Downtown Toronto,Stylish Downtown Cozy Room,43.657352,-79.363068,1,Private room,https://a0.muscache.com/im/pictures/106438707/cd39951f_original.jpg?aki_policy=large,29,a kitchen with a dining room table,White,Grey
8473716,Toronto,Downtown Toronto,Modern Condo near CN Tower WITH FREE PARKING,43.639782,-79.397949,4,Entire apartment,https://a0.muscache.com/im/pictures/949be466-ef64-4ffc-81e0-7587125d0424.jpg?aki_policy=large,52,a view of a living room,Grey,Grey
25771793,Toronto,Downtown Toronto,Beautiful condo near Rogers Centre + Free Parking!,43.64438,-79.39236,4,Entire condominium,https://a0.muscache.com/im/pictures/1c13b57e-f59f-46d1-b93c-06ab547d4340.jpg?aki_policy=large,56,a kitchen with a dining room table,White,White
17682741,Toronto,Palmerston/Little Italy,Room cozy fuzz - Little Italy,43.66328,-79.41138,4,Private room,https://a0.muscache.com/im/pictures/0fe2a519-d91c-40ea-bb0e-b363b28e9d14.jpg?aki_policy=large,32,a bedroom with a bed and desk in a room,White,White
17682376,Toronto,Palmerston/Little Italy,Room Wave. with Private Washroom - Little Italy,43.66173,-79.41091,2,Private room,https://a0.muscache.com/im/pictures/ad3f3abd-53e1-450c-b8b7-88477aa0450e.jpg?aki_policy=large,38,a bedroom with a bed and a chair in a room,White,White
925491,Toronto,Downtown Toronto,Suite Toronto Luxury Downtown Condo,43.64352,-79.38145,4,Entire condominium,https://a0.muscache.com/im/pictures/41699497/0c16f974_original.jpg?aki_policy=large,75,a modern kitchen with stainless steel appliances,White,White
3433630,Toronto,Saint Lawrence,"Downtown -- Quiet, Luxury Room",43.64842,-79.36394,2,Private room,https://a0.muscache.com/im/pictures/6efb30c0-6b13-4a53-b4cd-a7ba98d35d19.jpg?aki_policy=large,42,a bedroom with a bed and a chair in a room,White,Brown
15497982,Toronto,Downtown Toronto,TORONTO’s Airbnb unit of the year.,43.64139,-79.38261,3,Entire condominium,https://a0.muscache.com/im/pictures/a2798106-570c-4c24-9875-055707f9834e.jpg?aki_policy=large,64,a living room filled with furniture and a large window,White,White
14874815,Toronto,Garden District,Studio Symmetric,43.65353,-79.37568,6,Entire apartment,https://a0.muscache.com/im/pictures/fec389a7-4d64-4143-b6c9-064c88a38aac.jpg?aki_policy=large,54,a modern living room with a wood floor,White,White
5073623,Toronto,Garden District,Room Fancy Red w/ Private Bath - Downtown Central,43.65365,-79.37499,4,Apartment room,https://a0.muscache.com/im/pictures/82376019/e3e91f25_original.jpg?aki_policy=large,42,a flat screen tv sitting in a room,Black,Brown
4838440,Toronto,Downtown Toronto,Luxury Suite in Toronto's Entertainment District,43.644764,-79.390083,3,Entire apartment,https://a0.muscache.com/im/pictures/60669194/5a3573fa_original.jpg?aki_policy=large,90,a car parked on a city street,Black,Black
6214925,Toronto,Downtown Toronto,Million Dollar City Views in Stylish and Trendy Apartment,43.66099,-79.38623,4,Entire apartment,"https://a0.muscache.com/4ea/air/v2/pictures/5605c46a-3b5e-45c9-b815-3a120a6d2d7c.jpg?t=r:w1200-h720-sfit,e:fjpg-c90",60,a living room filled with furniture and a large window,White,White
11960053,Toronto,Downtown Toronto,Downtown Entertainment District! Great City View!,43.6485,-79.39298,4,Entire condominium,https://a0.muscache.com/im/pictures/1b24c2db-4dbd-41ed-975f-e9f76c00472d.jpg?aki_policy=large,71,a bedroom with a large bed in a room,Grey,White
14685177,Toronto,Financial District,Luxury 2bd+2bth in the Heart of Downtown!,43.64755,-79.3779,5,Entire condominium,https://a0.muscache.com/im/pictures/65e97f5d-013e-4be5-bf63-25db75abe5a4.jpg?aki_policy=large,79,a kitchen with a sink and a microwave,Grey,Grey
27437787,Toronto,Yorkville,Enjoy a trendy condo downtown in Yorkville +a view,43.67114,-79.39375,4,Entire condominium,https://a0.muscache.com/im/pictures/6b9d2040-be38-4a29-8b26-5c870c9a8ccc.jpg?aki_policy=large,42,a bedroom with a bed and a large window,White,White
18776150,Toronto,Downtown Toronto,Near CN Tower | Luxury Condo| One bedroom| Lounge,43.641788,-79.381874,4,Entire apartment,https://a0.muscache.com/im/pictures/962d9058-743f-4e70-be28-36a91fa8cf79.jpg?aki_policy=large,44,a view of a city,Grey,Blue
13714921,Toronto,Garden District,Retro 1 bedroom apartment at downtown core,43.65559,-79.37576,4,Entire apartment,https://a0.muscache.com/im/pictures/22e5000b-4fa6-486f-aa46-bd14697c422f.jpg?aki_policy=large,60,a bedroom with a bed and desk in a room,Grey,Grey
27495034,Toronto,Niagara,Modern Waterfront Studio in Downtown Toronto,43.63827,-79.40183,2,Entire condominium,https://a0.muscache.com/im/pictures/b4d2222e-2234-40cd-a222-3606677e1cc6.jpg?aki_policy=large,47,a bedroom with a bed in a room,White,White
17478687,Toronto,Downtown Toronto,Beautiful Clean Apartment in Downtown TO,43.669159,-79.371803,1,Private room,https://a0.muscache.com/im/pictures/b464ad48-c308-449b-897c-e6c6be9a8516.jpg?aki_policy=large,19,a lamp that is sitting in the living room,Grey,Grey
390395,Toronto,Downtown Toronto,"SUNNY DBL CORKTOWN BREAKFAST, 2 BIKES INCL.",43.65765,-79.36281,3,Private room,https://a0.muscache.com/im/pictures/109607512/034b753a_original.jpg?aki_policy=large,45,a bedroom with a bed and desk in a room,Black,Grey
18405740,Toronto,Downtown Toronto,Elegant Modern Condo & parking in Downtown Toronto,43.64078,-79.39638,4,Entire condominium,https://a0.muscache.com/im/pictures/9755c3b4-a684-4fe9-a953-0b62a24535dc.jpg?aki_policy=large,75,a bedroom with a bed and a large window,Grey,Grey
2666562,Toronto,Cliffcrest,"Beautiful, Bright Apt. with free parking",43.73334,-79.23133,2,Entire guest suite,https://a0.muscache.com/im/pictures/93938924/ba533ed4_original.jpg?aki_policy=large,45,a building with a large pool of water,Black,Blue
10811863,Toronto,Cabbagetown,Downtown Condo,43.66638,-79.375,4,Entire condominium,https://a0.muscache.com/im/pictures/e915325e-1010-4936-89d6-41e9f0d4dad9.jpg?aki_policy=large,60,a kitchen with a sink and a window,Black,Black
15450150,Toronto,Garden District,Slick 1 bedroom loft at Downtown Central,43.65485,-79.37559,6,Entire apartment,https://a0.muscache.com/im/pictures/2dfb109d-6bea-4bc3-8206-fb4881b47e47.jpg?aki_policy=large,53,a kitchen with a stove top oven sitting next to a window,White,White
14122952,Toronto,Downtown Toronto,Private Downtown Center Room/Clean/Quiet,43.669086,-79.371727,1,Private room,https://a0.muscache.com/im/pictures/b10994ed-6627-4174-99ec-5d67acdc676a.jpg?aki_policy=large,19,a bedroom with a large bed in a room,Grey,Grey
17682585,Toronto,Palmerston/Little Italy,Room Comfy Knit - Little Italy,43.66167,-79.41151,2,Private room,https://a0.muscache.com/im/pictures/fcdd24e7-ece3-43dd-a133-b75093de8b74.jpg?aki_policy=large,30,a bedroom with a large bed in a room,White,White
14874961,Toronto,Garden District,Studio RED,43.65552,-79.374,6,Entire apartment,https://a0.muscache.com/im/pictures/6cf2ac7f-42fa-4135-8c2f-0e790a6738a4.jpg?aki_policy=large,52,a bedroom with a bed and a chair in a room,Brown,White
18009897,Toronto,Garden District,Corky loft with skylight at Downtown Central,43.65367,-79.37507,4,Entire apartment,https://a0.muscache.com/im/pictures/89d0c1b7-0cdb-40bd-8b94-ee5bf19985b0.jpg?aki_policy=large,51,a bedroom with a bed in a room,Grey,White
23330000,Toronto,Downsview,"10% off, Modern, 15' Airport, York uni, Yorkdale",43.73867,-79.5114,2,Private room,https://a0.muscache.com/im/pictures/336027b7-cdb3-43d1-89a4-7065887855b6.jpg?aki_policy=large,14,a bedroom with a bed and a window,White,White
3987246,Toronto,Downtown Toronto,Stylish Downtown Double Room,43.657352,-79.363068,2,Private room,https://a0.muscache.com/im/pictures/63740240/ff39819d_original.jpg?aki_policy=large,32,a living room filled with furniture and a large window,Brown,Brown
24021226,Toronto,Downtown Toronto,King suite in the heart of downtown Toronto,43.64592,-79.39183,3,Entire condominium,https://a0.muscache.com/im/pictures/6c71d505-d6cc-48db-a553-801c5f00a258.jpg?aki_policy=large,75,a living room filled with furniture and a large window,White,White
27582013,Toronto,Rosedale,Cosy basement apartment with free parking!,43.68996,-79.383,2,Entire apartment,https://a0.muscache.com/im/pictures/89646dca-6c58-4704-a136-0705fae5a7dc.jpg?aki_policy=large,35,a view of a kitchen,Brown,Brown
2078597,Toronto,Roncesvalles,Stylish Apartment in the Heart of Roncesvalles Village,43.645954,-79.443611,2,Entire loft,"https://a0.muscache.com/4ea/air/v2/pictures/1204785c-215d-4405-a3e4-5ab53b4c35f9.jpg?t=r:w1200-h720-sfit,e:fjpg-c90",78,a living room filled with furniture and a flat screen tv,Black,White
19839950,Toronto,The Danforth,"The Nook,free parking,steps to GO station & Subway",43.685257,-79.30146,4,Entire house,https://a0.muscache.com/im/pictures/b80c8fd3-c91c-47a7-9167-563ec3692570.jpg?aki_policy=large,34,a bedroom with a bed and desk in a small room,White,White
12064625,Toronto,Harbourfront,Penthouse 67 fl + FREE Parking,43.64126,-79.38198,3,Entire apartment,https://a0.muscache.com/im/pictures/46755b01-5f31-4e0e-876e-52fe1a20f255.jpg?aki_policy=large,75,a living room filled with furniture and a large window,White,Grey
13879930,Toronto,Harbourfront,"Mins to Roger Ctr, CN Tower, Union STN, 10",43.64166,-79.38075,3,Entire apartment,"https://a0.muscache.com/4ea/air/v2/pictures/bf28b720-800b-4d8a-8321-f3e22d4b48c4.jpg?t=r:w1200-h720-sfit,e:fjpg-c90",60,a living room filled with furniture and a fire place,White,White
17775203,Toronto,Downtown Toronto,Newly Furnished Condo w/Balcony across CN Tower,43.64481,-79.38941,6,Entire condominium,https://a0.muscache.com/im/pictures/5d43b6c9-7a44-480f-9375-58f4181a4d09.jpg?aki_policy=large,68,a room filled with furniture and a large window,White,White
12836500,Toronto,Niagara,Modern and cute suit Close to Lake ON,43.637005,-79.404556,2,Entire condominium,https://a0.muscache.com/im/pictures/6adfd105-4571-4ffe-a67a-25b8cf5bf1c5.jpg?aki_policy=large,67,a living room filled with furniture and a large window,Grey,Grey
32232905,Toronto,Dufferin Grove,Cozy Studio in Little Portugal,43.64935,-79.42585,2,Entire house,https://a0.muscache.com/im/pictures/642d5570-3c94-4cfd-aff8-dab74ec786bb.jpg?aki_policy=large,38,a bedroom with a large bed in a room,White,Grey
19662741,Toronto,Downtown Toronto,Get Up Close and Personal with the CN Tower at a Stylish Pad,43.64284,-79.38259,4,Entire condominium,"https://a0.muscache.com/4ea/air/v2/pictures/e9a4beb4-b96e-41af-ba59-0ea3587458c6.jpg?t=r:w1200-h720-sfit,e:fjpg-c90",82,a bedroom with a large window,Grey,White
11648181,Toronto,Downtown Toronto,"Stylish, Central Flat, Private Patio, Parking",43.649757,-79.387115,2,Entire apartment,"https://a0.muscache.com/4ea/air/v2/pictures/a820e3f7-fcba-4f79-a866-f107f3cf9e10.jpg?t=r:w1200-h720-sfit,e:fjpg-c90",90,a room filled with furniture and vase of flowers on a table,White,White
17682332,Toronto,Palmerston/Little Italy,Room Fresh Blue - Little Italy,43.66341,-79.41115,2,Private room,https://a0.muscache.com/im/pictures/f8aa2ac9-868a-42b3-b634-6bec82d21cbe.jpg?aki_policy=large,28,a large white bed in a room,White,White
4922370,Toronto,Downtown Toronto,Stylish Downtown Lovely Room,43.657352,-79.363068,2,Private room,https://a0.muscache.com/im/pictures/63736080/020f16dc_original.jpg?aki_policy=large,32,a kitchen with a dining room table,White,Grey
13174614,Toronto,Downtown Toronto,Couple's Cozy home in downtown Toronto w/ Parking,43.64131,-79.39655,2,Entire condominium,https://a0.muscache.com/im/pictures/12eed1d0-8b8e-4df5-b5af-b4462e49031c.jpg?aki_policy=large,64,a large red chair in a room,White,White
16795828,Toronto,Downtown Toronto,Plant Paradise Loft: Cozy Sunny Dream Space!,43.6546,-79.3661,6,Entire loft,https://a0.muscache.com/im/pictures/185e6c5a-c439-4dae-83a2-2c6fd735a412.jpg?aki_policy=large,126,a room filled with furniture and a large window,White,White
32765944,Toronto,Downtown Toronto,Near CN Tower| Studio| High Floor | Spa | Pool Gym,43.64262,-79.38233,3,Entire condominium,https://a0.muscache.com/im/pictures/ecadea73-ac71-400b-bc5a-eae39ec54602.jpg?aki_policy=large,37,a large body of water with a city in the background,Grey,Blue
14222776,Toronto,Downtown Toronto,"Luxurious Condo w/ Parking, Pool, 3 Beds & Views",43.64228,-79.39124,5,Entire apartment,https://a0.muscache.com/im/pictures/187d0d92-b564-49e7-9f2c-da7f7f948bf1.jpg?aki_policy=large,75,a living room filled with furniture and a large window,White,White
23019003,Toronto,Downtown Toronto,Modern Downtown Townhouse near CN Tower,43.64513,-79.39406,4,Entire townhouse,"https://a0.muscache.com/4ea/air/v2/pictures/9760969d-163d-4fe0-9dcc-e8072df9c240.jpg?t=r:w1200-h720-sfit,e:fjpg-c90",79,a living room filled with furniture and a flat screen tv,White,White
11324869,Toronto,Mimico,LakePark Studio w/Backyard,43.6222,-79.487,3,Entire guest suite,https://a0.muscache.com/im/pictures/b517cc69-f389-4299-90f3-28819a2d147a.jpg?aki_policy=large,49,a kitchen with a dining table,White,White
11324662,Toronto,Downtown Toronto,Modern Luxury Corner Suite with Panoramic Views,43.641945,-79.381485,6,Entire condominium,https://a0.muscache.com/im/pictures/c6d193fc-650d-491c-b7c3-55ef1d1f4946.jpg?aki_policy=large,103,a kitchen with a dining room table,White,Grey
14202809,Toronto,Niagara,Modern Condo Heart of Toronto Downtown,43.63725,-79.40376,3,Entire condominium,https://a0.muscache.com/im/pictures/40f24e5f-2d7d-4d8a-8df8-55af81507f96.jpg?aki_policy=large,59,a modern kitchen with stainless steel appliances and wooden cabinets,White,White
12447108,Toronto,Downtown Toronto,"100% walking score CN Tower, Rogers Center & MTCC!",43.6439,-79.3904,2,Entire condominium,https://a0.muscache.com/im/pictures/3de59a6e-3c74-4678-9805-ba1644ef1dda.jpg?aki_policy=large,68,a living room,White,White
12932745,Toronto,Downtown Toronto,"Modern living condo, DOWNTOWN!!!",43.653,-79.37203,4,Entire condominium,https://a0.muscache.com/im/pictures/f3885874-c238-47d0-801c-756ecd377005.jpg?aki_policy=large,75,a living room filled with furniture and a large window,Grey,Grey
17832256,Toronto,The Annex,"Great location, big private bedroom in Korean Town",43.66516,-79.41375,2,Private room,https://a0.muscache.com/im/pictures/86e1cab9-7ed0-4454-b2ca-4ff3aab07b61.jpg?aki_policy=large,36,a bedroom with a bed and a window,Grey,White
32387616,Toronto,Downtown Toronto,Near CN TOWER | 1 BED+LOUNGE+ BALCONY LUXURY CONDO,43.64262,-79.38227,4,Entire condominium,https://a0.muscache.com/im/pictures/8913fc4a-fce1-4841-8f3a-fc7316df70bd.jpg?aki_policy=large,44,a lit up city at night,Black,Black
18736782,Toronto,Downtown Toronto,Top Location Condo in Heart of Downtown Toronto,43.64533,-79.38975,3,Entire condominium,https://a0.muscache.com/im/pictures/0a3d01da-ed73-4372-ba4e-d5c84a3bcc0f.jpg?aki_policy=large,67,a view of a kitchen,White,Grey
7341262,Toronto,Rosedale,Lovely basement studio. On-site free 24-7 parking!,43.69123,-79.38527,2,Entire apartment,https://a0.muscache.com/im/pictures/93142833/49ad48bf_original.jpg?aki_policy=large,38,a view of a living room,Black,Brown
22083516,Toronto,Downtown Toronto,"Modern Condo near CN Tower, Scotiabank Arena, Rogers Centre & MTCC with FREE PARKING",43.64247,-79.38139,4,Entire condominium,https://a0.muscache.com/im/pictures/973d3d16-f3b8-46db-82e5-b6ea0e655675.jpg?aki_policy=large,79,a kitchen with a sink and a window,Grey,Grey
15903030,Toronto,Garden District,Cozy 2 Bedrooms Loft at Downtown Core,43.65453,-79.37352,8,Entire apartment,https://a0.muscache.com/im/pictures/8f8c742c-0e57-464c-a0d3-9b8a55c883e6.jpg?aki_policy=large,71,a kitchen with a wood floor,White,White
16109795,Toronto,Downtown Toronto,"Super Central Condo, Beside CN Tower!",43.644173,-79.38942,4,Entire apartment,https://a0.muscache.com/im/pictures/53e649d7-aac7-4bd2-9fc0-cb2fe0df891a.jpg?aki_policy=large,98,a living room filled with furniture and a large window,White,Grey
22292859,Toronto,Downtown Toronto,"2 BDRM + Parking + Sofabed - Ent. District, MTCC",43.64335,-79.38,6,Entire apartment,https://a0.muscache.com/im/pictures/89a7999c-30e5-40e7-88c5-d170f41c22bc.jpg?aki_policy=large,64,a living room filled with furniture and a large window,Grey,White
17682560,Toronto,Palmerston/Little Italy,Room Snuggy Yellow - Little Italy,43.6629,-79.41144,2,Private room,https://a0.muscache.com/im/pictures/f7a495c4-3fa7-4404-9b21-5259c024f698.jpg?aki_policy=large,29,a bedroom with a bed in a hotel room,White,White
18024250,Toronto,The Annex,"great location, beautiful bedroom in Korean Town",43.66643,-79.41335,2,Private room,https://a0.muscache.com/im/pictures/f5cf0f20-78d0-45bb-8724-44f4a40833de.jpg?aki_policy=large,29,a bedroom with a bed and a chair in a room,White,Grey
21462204,Toronto,Fairbank,Private separate apartment.  Fully stocked kitchen,43.68088,-79.44941,4,Entire apartment,https://a0.muscache.com/im/pictures/1f06310d-5bdd-48b0-bbc4-a9796dfda695.jpg?aki_policy=large,49,a room filled with furniture and a table,Grey,Grey
13476773,Toronto,Riverdale,Charming Queen St. Apartment,43.66035,-79.34076,2,Entire apartment,https://a0.muscache.com/im/pictures/ee895563-5fe6-4aa8-9827-c1185da2f089.jpg?aki_policy=large,41,a bedroom with a large bed in a hotel room,Grey,Brown
11941691,Toronto,Garden District,Studio In The Heart Of Downtown,43.65539,-79.37833,2,Entire condominium,https://a0.muscache.com/im/pictures/6bfad961-dbde-44de-a842-1f4042debb43.jpg?aki_policy=large,75,a bedroom with a large bed in a hotel room,Brown,Brown
26749801,Toronto,Crescent Town,PRIVATE Fully-Furnished Bright Basement Apartment!,43.69102,-79.29239,3,Entire guest suite,https://a0.muscache.com/im/pictures/48aed1a6-a9d9-4400-8084-827244031d1f.jpg?aki_policy=large,37,a room with a sink and a mirror,Grey,Grey
15512850,Toronto,Niagara,DownTown living condo,43.63522,-79.40525,4,Entire condominium,https://a0.muscache.com/im/pictures/7c977da0-b73d-495d-af66-5f8ee40cb10a.jpg?aki_policy=large,75,a living room filled with furniture and a large window,White,Grey
15701100,Toronto,Downtown Toronto,Explore CN Tower from a Chic Downtown Condo,43.63951,-79.39782,2,Entire condominium,"https://a0.muscache.com/4ea/air/v2/pictures/83e11e5a-0f08-40a7-bd06-6cde7ef0a216.jpg?t=r:w1200-h720-sfit,e:fjpg-c90",94,a living room filled with furniture and a large window,White,White
26127663,Toronto,Downtown Toronto,"Downtown 2Br 2 Bath, CN Tower Views",43.6452,-79.38852,4,Entire condominium,https://a0.muscache.com/im/pictures/e454839a-ba9a-4a49-b7f8-47256c4324c6.jpg?aki_policy=large,53,a large white bed sitting in a room,White,White
20984414,Toronto,Downtown Toronto,King West - Fashion & Entertainment District,43.643764,-79.401352,2,Entire condominium,https://a0.muscache.com/im/pictures/72aabd07-0264-4837-a88e-4d0c58db4584.jpg?aki_policy=large,44,a brown leather couch in a living room,Grey,White
9975236,Toronto,Downtown Toronto,Comfortable Luxury Condo in the Best Location!,43.647514,-79.3927,3,Entire condominium,https://a0.muscache.com/im/pictures/f716e6b1-1d82-4169-a835-f4fd94c3172d.jpg?aki_policy=large,97,a dining room table in front of a window,White,White
15362851,Toronto,Glen Park,Cozy Room in a Condo,43.70672,-79.46686,2,Private room,https://a0.muscache.com/im/pictures/2fdc1442-2d2d-484d-b9e2-8a552ec072c7.jpg?aki_policy=large,18,a living room,Black,White
8237869,Toronto,Roncesvalles,Cool Space in a Great Neighbourhood,43.64558,-79.44315,4,Entire guest suite,https://a0.muscache.com/im/pictures/0d76b3e3-8051-44c4-ac63-187751948344.jpg?aki_policy=large,44,a bedroom with a bed in a hotel room,Brown,Grey
26601705,Toronto,Downtown Toronto,Renovated DOWNTOWN Studio + PATIO Queen Street W,43.64736,-79.39839,3,Entire apartment,https://a0.muscache.com/im/pictures/983100f3-7b37-463f-96ff-10bfc6a35adc.jpg?aki_policy=large,44,a bedroom with a bed and desk in a room,White,White
21641935,Toronto,Financial District,High Rise 2BD by CN Tower/MTCC/Rogers Centre,43.6455,-79.38099,5,Entire condominium,https://a0.muscache.com/im/pictures/c66538b7-e34d-4bb0-8b52-45bc9abf1dbd.jpg?aki_policy=large,68,a living room filled with furniture and a large window,White,Grey
15082256,Toronto,Downtown Toronto,LUXURY! Prime Location+CN Tower  View! FREE PARKING,43.64258,-79.38157,8,Entire condominium,https://a0.muscache.com/im/pictures/3785b73b-2427-4fbc-9d1d-3b8e627ae8ba.jpg?aki_policy=large,89,a view of a city with tall buildings in the background,Grey,Grey
17682704,Toronto,Palmerston/Little Italy,Room Cozy Red - Little Italy,43.66351,-79.41129,4,Private room,https://a0.muscache.com/im/pictures/8c911fa4-414b-4918-9554-b7646e9883f7.jpg?aki_policy=large,26,a bedroom with a red rug,Red,White
15235613,Toronto,Downtown Toronto,Stunning Condo close to CN Tower with Free Parking,43.64002,-79.3978,4,Entire condominium,https://a0.muscache.com/im/pictures/f2766a2b-4512-4996-a59d-29de0ea956cb.jpg?aki_policy=large,67,a living room filled with furniture and a large window,White,White
4490925,Toronto,Downtown Toronto,"Designer suite, CNTower, City center,Free Parking",43.64185,-79.3836,5,Entire apartment,https://a0.muscache.com/im/pictures/d174b99c-f3c5-4013-b534-86eae41bf800.jpg?aki_policy=large,69,a white sink sitting under a window,White,White
18848374,Toronto,Downtown Toronto,DOWNTOWN TORONTO LAKE VIEW CONDO,43.6427,-79.38189,2,Entire apartment,https://a0.muscache.com/im/pictures/f67f837b-3acd-4a62-a012-06ce9f448562.jpg?aki_policy=large,78,a stove top oven sitting inside of a kitchen,Grey,Grey
29704947,Toronto,Downtown Toronto,Magnificient View next CN Tower/Rogers/Union/MTCC,43.644,-79.3814,4,Entire condominium,https://a0.muscache.com/im/pictures/839ee028-d4b2-4b09-954c-02dc4517b2be.jpg?aki_policy=large,51,a view of a city,White,Blue
17682453,Toronto,Palmerston/Little Italy,Room Slick Monochome. - Little Italy,43.66319,-79.41124,2,Private room,https://a0.muscache.com/im/pictures/736569d6-edef-4ea0-a94a-75487c7eedf9.jpg?aki_policy=large,25,a bedroom with a bed and desk in a room,White,White
26333557,Toronto,Garden District,"""7mins to Downtown core"" Downtown",43.65638,-79.37531,2,Entire apartment,https://a0.muscache.com/im/pictures/23095931-f79c-4db3-a2da-fdc0616f102b.jpg?aki_policy=large,11,a sign on the side of a road,Grey,Grey
16709255,Toronto,Financial District,Top Floor 270• the best view 2BD downtown goal,43.64976,-79.38244,6,Entire condominium,https://a0.muscache.com/im/pictures/ce7a6397-739c-446a-9375-86729242eead.jpg?aki_policy=large,120,a view of a city next to a window,White,White
16101094,Toronto,Saint Lawrence,Cozy Bedroom in Toronto's Old Town,43.64792,-79.36447,1,Private room,https://a0.muscache.com/im/pictures/f6c1cc62-f4af-409a-9e09-02ac9fb607b2.jpg?aki_policy=large,45,a bedroom with a bed and a chair in a room,Brown,Black
24524343,Toronto,Downtown Toronto,Sub-Penthouse Condo by ACC w/ Spectacular Views,43.64266,-79.38109,6,Entire condominium,https://a0.muscache.com/im/pictures/1298a661-0600-4208-8ee5-cbb36a65d6d1.jpg?aki_policy=large,53,a tall building in a city,Grey,Blue
1382277,Toronto,Riverdale,Artist Loft,43.65739,-79.34895,2,Entire apartment,https://a0.muscache.com/im/pictures/92929864/4ae50375_original.jpg?aki_policy=large,68,a living room filled with furniture and a large window,White,Grey
14266137,Toronto,Wallace Emerson,Big bright private Bloordale room w/double futon,43.66462,-79.44669,2,Private room,https://a0.muscache.com/im/pictures/98c94636-6ae7-4c02-9c59-3a7cf26e207d.jpg?aki_policy=large,26,a bedroom with a bed and a window,White,White
24422618,Toronto,Yorkville,★Yorkville ★ Netflix ★ Gym ★Laundry ★ Fast Wifi,43.670319,-79.394432,2,Entire condominium,https://a0.muscache.com/im/pictures/bdd79042-7bf3-491b-a4b4-2947a59c0cb5.jpg?aki_policy=large,57,a bedroom with a large bed in a hotel room,Grey,White
26938284,Toronto,Downtown Toronto,KING WEST EXECUTIVE SUITE,43.64455,-79.39884,6,Entire condominium,https://a0.muscache.com/im/pictures/d337b8fc-124d-4b7e-9505-40a66e832872.jpg?aki_policy=large,56,a living room filled with furniture and a large window,White,Grey
17855818,Toronto,The Annex,Vintage Style Apartment in Historic Annex,43.66867,-79.41185,2,Entire house,"https://a0.muscache.com/4ea/air/v2/pictures/b9a0e72d-51bd-4c36-a3bf-3f07f323b064.jpg?t=r:w1200-h720-sfit,e:fjpg-c90",104,a living room filled with furniture and a fire place,White,White
30129741,Toronto,Downtown Toronto,Spacious High Rise Condo with Stunning Views,43.64355,-79.38971,4,Entire condominium,https://a0.muscache.com/im/pictures/eeddeaf9-bc8a-421a-961c-e362370626e6.jpg?aki_policy=large,59,a living room filled with furniture and a large window,White,White
20620905,Toronto,Oakwood,**PERFECT** 2 Bedroom Newly Renovated Whole Home,43.69803,-79.44807,6,Entire house,https://a0.muscache.com/im/pictures/352c23da-7fdb-441f-8f12-55689f991062.jpg?aki_policy=large,75,a kitchen with a dining table,White,Grey
7349220,Toronto,Riverdale,Trendy self- contained  studio,43.65806,-79.346,2,Entire apartment,https://a0.muscache.com/im/pictures/93467795/32406728_original.jpg?aki_policy=large,45,a large lawn in front of a house,Grey,Green
16884840,Toronto,Harbourfront,Sweeping City Views from the Balcony of this Chic Condo,43.64092,-79.38234,6,Entire apartment,"https://a0.muscache.com/4ea/air/v2/pictures/5dc3def1-a291-428a-88a2-59924f0def00.jpg?t=r:w1200-h720-sfit,e:fjpg-c90",130,a living room filled with furniture and a large window,White,White
18856610,Toronto,Westmount,Cozy and Hip Home for Rental,43.69985,-79.53019,4,Entire guest suite,https://a0.muscache.com/im/pictures/0ab1b5db-d2f0-4e7b-be8f-89bd7f8d9bf0.jpg?aki_policy=large,56,a living room filled with furniture and a flat screen television,Black,Black
29613234,Toronto,Niagara,SPECTACULAR DOWNTOWN CONDO  W/ STUNNING CITY VIEWS,43.63762,-79.40541,5,Entire condominium,https://a0.muscache.com/im/pictures/8e2e1c8b-b42f-46f1-a680-77336ad032cb.jpg?aki_policy=large,75,a room filled with furniture and a large window,Grey,Grey
22081247,Toronto,Downtown Toronto,2 Bed 2 Bath with Stunning CN Tower Views,43.644173,-79.38942,4,Entire condominium,https://a0.muscache.com/im/pictures/fa5fcfc7-c7ed-4dbc-978a-4f831794e141.jpg?aki_policy=large,75,a living room with a couch and a chair,White,White
1080121,Toronto,Harbourfront,Downtown Suite with the Best Views in the City,43.64156,-79.38024,4,Entire condominium,https://a0.muscache.com/im/pictures/fc7dc898-1124-4154-8903-7bf28ec6b530.jpg?aki_policy=large,59,a living room filled with furniture and a fire place,White,White
9969830,Toronto,Niagara,Modern Studio with Free Parking,43.63591,-79.40671,3,Entire apartment,https://a0.muscache.com/im/pictures/576ee962-68d6-48c6-89d1-61e2786ad6f5.jpg?aki_policy=large,60,a lit up city at night,Black,Black
15188473,Toronto,Cliffcrest,"Cozy,Trendy & Private Apartment with Free Parking",43.73475,-79.23211,2,Entire apartment,https://a0.muscache.com/im/pictures/a389c49a-5d38-4dda-b791-2736d8fee4c8.jpg?aki_policy=large,53,a chair sitting in front of a house,Black,Black
17777800,Toronto,Downtown Toronto,Furnished Condo w/Balcony Very Close To CN Tower!!,43.64813,-79.39206,4,Entire condominium,https://a0.muscache.com/im/pictures/f70f7e35-bbee-4e83-beec-88fd34eb6129.jpg?aki_policy=large,72,a kitchen with a table in a room,Grey,White
4198453,Toronto,The Annex,Bright Annex Studio-Walk Everywhere,43.67105,-79.40417,2,Entire apartment,https://a0.muscache.com/im/pictures/91092415/0f433ca8_original.jpg?aki_policy=large,75,a bedroom with a bed in a room,White,White
13605471,Toronto,Riverdale,THE COACH HOUSE Cottage near downtown,43.65824,-79.34406,2,Tiny house,"https://a0.muscache.com/4ea/air/v2/pictures/679e299a-03c9-4a75-bb9b-3686455477c8.jpg?t=r:w1200-h720-sfit,e:fjpg-c90",94,a living room filled with furniture and a fire place,Brown,Brown
17682721,Toronto,Palmerston/Little Italy,Room Soft Hue - Little Italy,43.66288,-79.4106,2,Private room,https://a0.muscache.com/im/pictures/83e6e001-b1df-4d37-b127-af77827b01c4.jpg?aki_policy=large,24,a bedroom with a bed in a room,Brown,Grey
13700719,Toronto,Downtown Toronto,66th Floor Sky Studio! Smurf to CNTower/ACC/Rogers,43.64161,-79.38211,2,Entire condominium,https://a0.muscache.com/im/pictures/b36bf327-e023-402c-92f4-10d1660728f4.jpg?aki_policy=large,60,a kitchen with a table in a room,White,Brown
14340935,Toronto,Cabbagetown,Downtown Toronto - Private Room (NO EXTRA FEES),43.6703,-79.36936,2,Private room,https://a0.muscache.com/im/pictures/3eae999e-c2b4-400e-afb9-1c9bd486c362.jpg?aki_policy=large,38,a living room,White,Grey
6504852,Toronto,Downtown Toronto,Sun Filled Photographic Hard Loft,43.65461,-79.36635,2,Entire loft,https://a0.muscache.com/im/pictures/90628246/7c0d6028_original.jpg?aki_policy=large,139,a dining room table,White,Black
25771900,Toronto,Yorkville,Modern Yorkville Condo Downtown + Unlimited WiFi!,43.66938,-79.39347,4,Entire condominium,https://a0.muscache.com/im/pictures/cbe279fe-72f8-4671-abb5-1214d917851d.jpg?aki_policy=large,56,a view of a living room filled with furniture and a large window,White,White
12605193,Toronto,Niagara,Cozy Downtown Toronto Condo On The Lake Waterfront,43.63687,-79.40446,3,Entire condominium,https://a0.muscache.com/im/pictures/8750d8ed-2bc5-4690-b596-bd9b8f7c4c59.jpg?aki_policy=large,72,a tall building,Grey,Blue
20803625,Toronto,Harbourfront,60th+ floor sub penthouse lake view condo,43.64158,-79.381,3,Entire apartment,https://a0.muscache.com/im/pictures/f5c652c3-7056-4571-a7f4-bb22c8f6a343.jpg?aki_policy=large,71,a view of a city,Grey,Grey
31591821,Toronto,Downtown Toronto,Spacious DOWNTOWN 1BR Heart of Queen Street West,43.647,-79.39991,4,Entire apartment,https://a0.muscache.com/im/pictures/ce08babc-de3b-45f7-8473-9561225da598.jpg?aki_policy=large,44,a living room with a wood floor,Grey,Grey
26770106,Toronto,Garden District,Cozy studio apartment at Toronto Downtown Core,43.65473,-79.37603,2,Entire apartment,https://a0.muscache.com/im/pictures/d567f788-6b55-4c35-88f1-bc337357f54a.jpg?aki_policy=large,34,a bedroom with a bed and desk in a room,Grey,Grey
18812517,Toronto,Downtown Toronto,"Luxury 2BR Condo Across CN Tower, Union, TIFF/MTCC",43.64496,-79.38932,6,Entire condominium,https://a0.muscache.com/im/pictures/db69f1ce-0078-45de-bcce-95179817d195.jpg?aki_policy=large,90,a tall building in a city,Grey,White
32388246,Toronto,Downtown Toronto,Stylish King West Condo Downtown + Huge Balcony!,43.64772,-79.39307,4,Entire condominium,https://a0.muscache.com/im/pictures/22364a5b-dd99-4045-bde1-5a29026f3b12.jpg?aki_policy=large,56,a living room filled with furniture and a large window,White,White
14303663,Toronto,Cabbagetown,Clean Room Single Bed Downtown Center,43.668484,-79.370316,1,Private room,https://a0.muscache.com/im/pictures/da0b422f-433c-4b14-848f-af7944762050.jpg?aki_policy=large,22,a bedroom with a bed and desk in a small room,Yellow,Grey
15970302,Toronto,Downtown Toronto,Modern Industrial Design Condo with Private Balcony,43.64418,-79.401855,2,Entire condominium,"https://a0.muscache.com/4ea/air/v2/pictures/13e2651e-822e-48c3-8d00-9df0a4ecd4be.jpg?t=r:w1200-h720-sfit,e:fjpg-c90",120,a living room filled with furniture and a large window,White,White
14612719,Toronto,Davisville,"! PRIVATE COZY ROOM, DAVISVILLE SUB ST, great area",43.69851,-79.38733,1,Private room,https://a0.muscache.com/im/pictures/26269627-9e0f-4f0c-8339-e01059c7865f.jpg?aki_policy=large,22,a bedroom with a bed in a hotel room,Brown,Yellow
19831971,Toronto,Harbourfront,1BR Breathtaking 35+ Floor CN Tower View,43.64133,-79.38155,4,Entire condominium,https://a0.muscache.com/im/pictures/a786b7b8-762b-42d0-a8a4-f5bc04e21957.jpg?aki_policy=large,75,a sunset over a body of water with a city in the background,Black,Grey
14800586,Toronto,Cliffcrest,Comfy private room in a nice location,43.73554,-79.23512,3,Entire guest suite,https://a0.muscache.com/im/pictures/fad05765-bdfd-4b3f-a677-87a208d42e97.jpg?aki_policy=large,19,a car parked in front of a house,Grey,Blue
27058296,Toronto,Downtown Toronto,Modern Chic Suite by CN Tower with City View,43.64095,-79.39761,3,Entire condominium,https://a0.muscache.com/im/pictures/9cccc3c3-be3d-4b37-8dbb-0569fdb257b9.jpg?aki_policy=large,58,a view of a living room filled with furniture and a large window,White,White
16271333,Toronto,Downtown Toronto,Cool Kids on 48FL (free parking),43.64228,-79.38618,6,Entire condominium,https://a0.muscache.com/im/pictures/b009949f-8776-4d19-a576-3b8d80a02d13.jpg?aki_policy=large,74,a body of water with a city in the background,Blue,Blue
27705416,Toronto,Downtown Toronto,LUXURY LIVING IN THE HEART OF DOWNTOWN TORONTO,43.63919,-79.39953,4,Entire apartment,https://a0.muscache.com/im/pictures/10dd5390-21f5-4571-9110-8ace0616b79e.jpg?aki_policy=large,44,a living room filled with furniture and a large window,White,Brown
26136453,Toronto,Niagara,Lakeview City Getaway near Airport and Public Transit,43.63522,-79.40371,2,Entire condominium,"https://a0.muscache.com/4ea/air/v2/pictures/7728b420-68a1-436c-8ac9-623b4d8a1780.jpg?t=r:w1200-h720-sfit,e:fjpg-c90",72,a bedroom with a bed in a room,Grey,White
21327987,Toronto,Downtown Toronto,"PRIME LOCATION UNIT NEXT TO CN TOWER, TIFF&MTCC",43.64425,-79.38972,5,Entire condominium,https://a0.muscache.com/im/pictures/f7d801a6-9466-42bd-b459-033b52650491.jpg?aki_policy=large,53,a large skyscraper in a city,Grey,White
32769906,Toronto,Niagara,"Spacious,stylish condo DT/Liberty Village",43.63963,-79.41269,4,Entire condominium,https://a0.muscache.com/im/pictures/7879fc7c-7147-471a-a229-92a7bec7d64f.jpg?aki_policy=large,64,a living room filled with furniture and a large window,Grey,White
27503620,Toronto,Saint Lawrence,Modern Studio Apartment Central Downtown,43.64901,-79.37426,2,Entire condominium,https://a0.muscache.com/im/pictures/076cc7ea-9068-45f2-ad4a-f2f37ab2bec8.jpg?aki_policy=large,75,a kitchen with a table in a room,White,Grey
16480550,Toronto,Parkdale,Entire 1 Bedroom Apartment. Toronto,43.63763,-79.43031,3,Entire apartment,https://a0.muscache.com/im/pictures/e63dc263-e2c3-4798-969f-e3180a99c9c6.jpg?aki_policy=large,53,a television is sitting on a table,Grey,Grey
20801977,Toronto,Downtown Toronto,Lake-View Room in the Sky (60+ Floor),43.64388,-79.38065,2,Private room,https://a0.muscache.com/im/pictures/61f4f8ca-5360-49dd-8f89-ea6b60ca2233.jpg?aki_policy=large,53,a large bed sitting next to a window,Black,Black
30424472,Toronto,Downtown Toronto,High Floor Corner Unit w/ CN Tower views,43.64704,-79.3916,2,Entire condominium,https://a0.muscache.com/im/pictures/80123b69-57b0-483d-b155-80aaf015d0ff.jpg?aki_policy=large,75,a room filled with furniture and a large window,Grey,Grey
26102101,Toronto,The Annex,Newly Renovated  Ideally Located Annex Suite,43.67325,-79.40814,2,Entire guest suite,https://a0.muscache.com/im/pictures/85971a1e-7184-4ec8-a1ea-8449e2d57bcb.jpg?aki_policy=large,60,a large room,White,Brown
5968455,Toronto,Palmerston/Little Italy,Affordable stay in Downtown Toronto,43.65882,-79.42225,2,Private room,https://a0.muscache.com/im/pictures/44720116-35c6-4fd0-abe4-563601413aad.jpg?aki_policy=large,35,a modern kitchen with stainless steel appliances and wooden cabinets,White,White
33348893,Toronto,Downtown Toronto,Corner unit penthouse heart of downtown Toronto!!!,43.64762,-79.3919,2,Entire condominium,https://a0.muscache.com/im/pictures/c1328175-4fdb-43ff-822a-60e0641c889c.jpg?aki_policy=large,79,a living room filled with furniture and a large window,White,White
24411312,Toronto,The Annex,"Cozy entire apartment near Korea Town, UofT.",43.66629,-79.41426,3,Entire house,https://a0.muscache.com/im/pictures/611fd8ef-1d8c-4c63-82e4-0ce55b548eee.jpg?aki_policy=large,44,a living room with a sink and a window,Brown,White
16600799,Toronto,Oakwood,Cozy junior one bed,43.690781,-79.443993,2,Entire apartment,https://a0.muscache.com/im/pictures/0f4a5aa0-1571-44cf-92f3-39b35cff9b7d.jpg?aki_policy=large,38,a bedroom with a bed in a room,Black,Black
16839171,Toronto,Davisville,!BIG BRIGHT ROOM W. KITCHENETTE&BALCONY GREAT AREA,43.69818,-79.38874,1,Private room,https://a0.muscache.com/im/pictures/793fa2b3-086f-423b-9348-e033937f0c6f.jpg?aki_policy=large,26,a living room filled with furniture and a fire place,Grey,Grey
12301555,Toronto,Downtown Toronto,Suite Toronto - Luxury Condo,43.64197,-79.3817,4,Entire condominium,https://a0.muscache.com/im/pictures/7a6d3b70-0ff7-443f-9536-7d8938027db3.jpg?aki_policy=large,75,a living room filled with furniture and a large window,White,Brown
7610557,Toronto,Niagara,"Sun Kissed High-End King West Condo, Read Reviews",43.6439,-79.40293,7,Entire condominium,"https://a0.muscache.com/4ea/air/v2/pictures/54621f2d-7371-4164-a70c-dca4a7c91911.jpg?t=r:w1200-h720-sfit,e:fjpg-c90",85,a living room filled with furniture and a fire place,White,White
21579122,Toronto,Downtown Toronto,55th+ Floor Lake View Suite By Union Station,43.641788,-79.381874,3,Entire condominium,https://a0.muscache.com/im/pictures/59dd22d3-e481-43b4-806c-1833ed5c24e2.jpg?aki_policy=large,51,a tall building in a city,Black,White
26656133,Toronto,Downtown Toronto,"Luxurious Condo near CN Tower, Scotiabank Arena, Rogers Centre, TIFF with FREE PARKING",43.64837,-79.39181,4,Entire condominium,https://a0.muscache.com/im/pictures/41dd3ec3-48fe-4f53-8368-271b07039a5c.jpg?aki_policy=large,79,a living room filled with furniture and a large window,Grey,Grey
20316532,Toronto,Crescent Town,Private 1BD/1BR★Subway Nearby★Free Parking★Laundry,43.69528,-79.29676,2,Entire guest suite,https://a0.muscache.com/im/pictures/c17bf914-8d89-4d5a-98a7-cbe3bfaef60d.jpg?aki_policy=large,53,a living room filled with furniture and a flat screen tv,Brown,White
36273670,Toronto,Riverdale,Clean Comfy Quiet private room downtown Toronto,43.66088,-79.35136,2,Private room,https://a0.muscache.com/im/pictures/ecbba4c2-a417-4a34-bd34-5c0b910d2843.jpg?aki_policy=large,32,a messy bed,Grey,Grey
9214758,Toronto,Palmerston/Little Italy,Beautiful 2 BR in Ideal Location,43.66275,-79.41184,6,Entire apartment,https://a0.muscache.com/im/pictures/e667db73-500c-4359-a6ec-7cb2d5df1d8c.jpg?aki_policy=large,56,a room filled with furniture and a large window,White,White
38292781,Toronto,Palmerston/Little Italy,1 bedroom apartment Mystic Purple - Little Italy,43.66171,-79.41139,6,Entire house,https://a0.muscache.com/im/pictures/0f67b872-077e-451b-8fd4-16db9e6aa797.jpg?aki_policy=large,29,a bedroom with a bed in a room,Brown,White
21233515,Toronto,Downtown Toronto,Modern Suite With Amazing Views Of The Lake,43.64188,-79.39325,6,Entire condominium,https://a0.muscache.com/im/pictures/bcbaf5e1-0ebb-4593-b0a6-95001d7fd52b.jpg?aki_policy=large,53,a view of a city next to a window,White,Grey
24894787,Toronto,Yorkville,☆ Yorkville ☆ Fast Wifi ☆ Smart TV ☆ Netflix ☆,43.670319,-79.394432,3,Entire condominium,https://a0.muscache.com/im/pictures/ef89eb88-8806-496d-b167-cdcdb0ae7610.jpg?aki_policy=large,61,a living room filled with furniture and a large window,White,Grey
15362533,Toronto,Wychwood Park,Wow! Lovely Brand new Entire space in midtown,43.678616,-79.425987,3,Entire apartment,https://a0.muscache.com/im/pictures/40673a96-bcd4-438c-952f-82a322f37d65.jpg?aki_policy=large,67,a living room filled with furniture and a fire place,White,White
12007026,Toronto,Downtown Toronto,3min Downtown YONGE/ BLOOR QUEENBED CLEAN,43.6685,-79.38596,2,Private room,https://a0.muscache.com/im/pictures/50f80400-b016-4f2c-8102-20a50020199c.jpg?aki_policy=large,38,a kitchen with a wood floor,Orange,Brown
20010119,Toronto,Palmerston/Little Italy,Cozy room close to the heart of Toronto,43.65792,-79.41923,1,Private room,https://a0.muscache.com/im/pictures/70be3539-0a85-48e6-b924-c004df4995f3.jpg?aki_policy=large,41,a bedroom with a bed and a window,Brown,Black
14733021,Toronto,Downtown Toronto,"2 BDR at popular Cityplace, Steps from Rogers Ctr",43.63953,-79.39734,5,Entire apartment,https://a0.muscache.com/im/pictures/00e24b0b-6cde-482b-95c1-59b2a8ab3da5.jpg?aki_policy=large,59,a view of a city,White,Grey
29885142,Toronto,The Annex,Downtown hotel style Apt with parking up to 4 ppl,43.67253,-79.40068,4,Entire apartment,https://a0.muscache.com/im/pictures/e5d22fb7-565c-4f62-b861-36c67aaa9a84.jpg?aki_policy=large,41,a bedroom with a bed in a room,Black,Grey
9382997,Toronto,Greek Town,Spacious and Cozy  Apartment in Toronto,43.68076,-79.34756,4,Entire house,https://a0.muscache.com/im/pictures/c52c96da-1312-4d8a-a6cb-c207a70a5178.jpg?aki_policy=large,44,a living room filled with furniture on top of a hard wood floor,Grey,White
5116831,Toronto,Roncesvalles,Newly Renovated Space in Parkdale!,43.64348,-79.44695,2,Entire apartment,https://a0.muscache.com/im/pictures/64019744/24309ff2_original.jpg?aki_policy=large,75,a stove top oven sitting inside of a kitchen,Brown,Brown
29422248,Toronto,Riverdale,East Chinatown Toronto Studio Unit,43.66742,-79.3501,2,Entire apartment,https://a0.muscache.com/im/pictures/ae7f114b-8dd8-4f8b-9097-4e6684ccbb23.jpg?aki_policy=large,35,a bedroom with a bed and desk in a room,Grey,White
13765249,Toronto,Downtown Toronto,#Breathtaking Smurf Condo with CNTower & Lake View,43.64158,-79.38245,4,Entire condominium,https://a0.muscache.com/im/pictures/fa67c0c5-3422-4579-8de3-84f8a41fac06.jpg?aki_policy=large,62,the tower of the city,Black,Black
11221319,Toronto,Downtown Toronto,Breathtaking 360° City Views from the Rooftop,43.64152,-79.40058,4,Entire condominium,"https://a0.muscache.com/4ea/air/v2/pictures/a3acd3ae-abb6-459b-98a9-e776d794bc3d.jpg?t=r:w1200-h720-sfit,e:fjpg-c90",82,a living room filled with furniture and a large window,White,White
16113662,Toronto,Downtown Toronto,Luxury Stay @ the ❤️ of Toronto,43.64442,-79.40185,2,Entire condominium,https://a0.muscache.com/im/pictures/689aa8b4-3026-4747-b3ca-ec9a98b9b8a8.jpg?aki_policy=large,75,a living room filled with furniture and a large window,Grey,White
17088112,Toronto,Downtown Toronto,#1B+BALCONY LUXURY CONDO NEXT TORONTO ACC/CN TOWER,43.64288,-79.38147,4,Entire condominium,https://a0.muscache.com/im/pictures/91fb0ab9-e5c5-4b2e-ab18-13ac6b549cf8.jpg?aki_policy=large,52,a hotel room,Black,White
23439208,Toronto,Downtown Toronto,BEST LOCATION WITH CN TOWER VIEW,43.63953,-79.39244,6,Entire condominium,https://a0.muscache.com/im/pictures/6c19e2b1-4df9-4733-a0d3-553b5eb725ab.jpg?aki_policy=large,53,a view of a city,Grey,White
5758430,Toronto,Downtown Toronto,Beautiful Condo at 300 Front St,43.64388,-79.38995,3,Entire apartment,https://a0.muscache.com/im/pictures/72373848/afadf10b_original.jpg?aki_policy=large,94,a car parked on a city street,Black,Black
19698563,Toronto,Downtown Toronto,Downtown toronto 48th floor city and lake view.,43.64271,-79.38155,2,Entire condominium,https://a0.muscache.com/im/pictures/f7c4321e-e995-4e81-904f-57f3cc0da339.jpg?aki_policy=large,59,the tower of the city,White,White
23981621,Toronto,Downtown Toronto,BEST LOCATION DOWNTOWN NEXT TO ACC/UNION STATION,43.64231,-79.38122,6,Entire condominium,https://a0.muscache.com/im/pictures/a593e713-8e02-4c9c-a422-801a174e4a79.jpg?aki_policy=large,53,a view of a city with tall buildings,White,Black
21108565,Toronto,Niagara,Luxury Condo! in Upscale TO Downtown Neighbourhood,43.63863,-79.403,4,Entire apartment,https://a0.muscache.com/im/pictures/3ed2c40b-fda7-4ece-b762-cc842afa5b73.jpg?aki_policy=large,75,a view of a kitchen and living room,Grey,Grey
16456277,Toronto,Downtown Toronto,Breathtaking Views of Toronto,43.64215,-79.38094,2,Entire condominium,https://a0.muscache.com/im/pictures/c27922f6-1243-4394-a0ea-e34403df2fc1.jpg?aki_policy=large,63,a large body of water with a city in the background,Black,Blue
13769161,Toronto,High Park North,High Park North Studio,43.66154,-79.45934,2,Entire guest suite,https://a0.muscache.com/im/pictures/708349d2-2947-470d-b715-2a666212e6b7.jpg?aki_policy=large,41,a house with bushes in front of a building,Black,Green
6957784,Toronto,Little Portugal,Unique Studio with Sauna,43.6478,-79.42662,2,Entire guesthouse,https://a0.muscache.com/im/pictures/100093139/dae6fbb4_original.jpg?aki_policy=large,67,a bedroom with a large bed in a room,Grey,Grey
1989937,Toronto,Downtown Toronto,Fashion District- King W/Bathurst,43.64558,-79.40281,4,Entire apartment,https://a0.muscache.com/im/pictures/27394231/0190706d_original.jpg?aki_policy=large,75,a view of a living room,Grey,Grey
25475941,Toronto,Downtown Toronto,Luxury Studio + Balcony in the Heart of Downtown,43.6487,-79.39351,2,Entire condominium,https://a0.muscache.com/im/pictures/eeb17796-2daa-4df9-aa26-e3965da9a7db.jpg?aki_policy=large,51,a kitchen with a sink and a microwave,Grey,White
29831676,Toronto,Riverdale,East Downtown Bachelor Unit with Paid Parking,43.66534,-79.35046,2,Entire apartment,https://a0.muscache.com/im/pictures/875ff9b1-19c3-47d5-b6c5-a354fdbe517d.jpg?aki_policy=large,30,a room with a sink and a mirror,White,White
3994370,Toronto,Downtown Toronto,Stylish Downtown Restful Bed,43.657352,-79.363068,1,Shared room,https://a0.muscache.com/im/pictures/63742104/3a068f03_original.jpg?aki_policy=large,19,a view of a living room filled with furniture and a fire place,Brown,White
13532029,Toronto,Downtown Toronto,Skytrees Studio - a Calming Sanctuary at Downtown Toronto,43.64173,-79.3818,2,Entire condominium,"https://a0.muscache.com/4ea/air/v2/pictures/44f9bebe-1235-4448-b5ce-2177cbaafac8.jpg?t=r:w1200-h720-sfit,e:fjpg-c90",67,a bedroom with a bed and a chair in a room,White,White
17157293,Toronto,Downtown Toronto,*Bright Spacious & Clean 1 Bed Apt.,43.66945,-79.37949,2,Entire apartment,https://a0.muscache.com/im/pictures/eb513a31-c4a5-48ba-9c0a-47e5f133e90b.jpg?aki_policy=large,53,a living room filled with furniture and a large window,White,White
21900543,Toronto,Downtown Toronto,High-End Condo in King West,43.64421,-79.40174,5,Entire condominium,https://a0.muscache.com/im/pictures/da691b59-1826-4265-8146-8e4ead0c9588.jpg?aki_policy=large,59,a large body of water with CN Tower in the background,Grey,Blue
24058995,Toronto,The Annex,Ultra Accessible Downtown Apartment,43.67057,-79.40403,2,Entire apartment,https://a0.muscache.com/im/pictures/d687cc4b-3929-485d-b8a5-7bdd4cc7f563.jpg?aki_policy=large,37,a bedroom with a bed in a room,Grey,Grey
3939840,Toronto,Riverdale,Greenwood Terrace Suite #1B,43.66694,-79.33061,3,Entire house,https://a0.muscache.com/im/pictures/7398c9c7-c795-42a1-82be-ea912775d49a.jpg?aki_policy=large,75,a living room filled with furniture and a table,Grey,Grey
34314279,Toronto,The Annex,Spacious Studio DOWNTOWN Yorkville PRIME LOCATION,43.67609,-79.39698,3,Entire apartment,https://a0.muscache.com/im/pictures/1d330a46-c3e4-4c8c-8ef4-bb6dc754157f.jpg?aki_policy=large,22,a bedroom with a large bed in a room,Grey,Grey
23342739,Toronto,Downsview,"10% off, Cozy Room 15' Airport, York uni, Yorkdale",43.73843,-79.50973,2,Private room,https://a0.muscache.com/im/pictures/e10f1dd6-3c27-459f-8048-c37e9a78e36f.jpg?aki_policy=large,14,a made bed in a room,White,White
23189004,Toronto,Downtown Toronto,Look Out to Lake From Luxurious Condo Suite in Downtown Core,43.64125,-79.38276,2,Entire apartment,"https://a0.muscache.com/4ea/air/v2/pictures/monet/Select-23189004/original/31741fe5-d562-45af-9fc6-45076aa123a8?t=r:w1200-h720-sfit,e:fjpg-c90",90,a living room filled with furniture and a large window,White,White
16838562,Toronto,Davisville,"!COZY ROOM IN THE ATTIC IN GREAT, QUIET&SAFE AREA",43.6964,-79.3872,1,Private room,https://a0.muscache.com/im/pictures/4a5bfe3f-327e-4325-816d-fe345e69bb39.jpg?aki_policy=large,25,a bedroom with a bed and desk in a hotel room,Grey,Black
32409197,Toronto,Garden District,★★★★★ Fantastic Condo Steps to Eaton Centre,43.654453,-79.379211,4,Entire condominium,https://a0.muscache.com/im/pictures/a8d2086b-d36f-4d83-b622-7bf0322d59d8.jpg?aki_policy=large,60,a bedroom with a bed in a room,Grey,Grey
18154899,Toronto,Danforth Village,Private suite.  Downtown TO  East end  Danforth,43.68642,-79.32726,2,Entire guest suite,https://a0.muscache.com/im/pictures/4b3b547a-74b7-4141-88d8-14078ac430b9.jpg?aki_policy=large,75,a living room filled with furniture and a flat screen tv,Grey,Grey
13715751,Toronto,Downtown Toronto,Above 30th Floor Luxury 1B Condo walk2 ACC/Rogers,43.64249,-79.38177,3,Entire apartment,https://a0.muscache.com/im/pictures/0280f91f-6c37-4f49-a8c1-8bf05ed631be.jpg?aki_policy=large,56,a living room filled with furniture and a large window,White,White
29010310,Toronto,Harbourfront,CN Tower views from your room,43.64181,-79.38084,2,Private room,https://a0.muscache.com/im/pictures/960748f7-4bb3-4b1f-902d-6c1e10f53666.jpg?aki_policy=large,44,a view of a city at sunset,Orange,Brown
16779632,Toronto,Downtown Toronto,Downtown Condo Beside CN Tower,43.644516,-79.389183,2,Entire condominium,https://a0.muscache.com/im/pictures/bf954256-d8a2-4488-a149-3daba708e891.jpg?aki_policy=large,102,a living room filled with furniture and a flat screen tv,White,Grey
25211815,Toronto,Garden District,★Cheapest & Comfortable★Homely Stay in DT Toronto★,43.65626,-79.37039,3,Private room,https://a0.muscache.com/im/pictures/97cef86d-430e-4fc8-b05c-6cf62e6a0c46.jpg?aki_policy=large,22,a city at night,Black,Black
20696761,York,Weston,Comfy & Cozy Room,43.6944,-79.50953,2,Private room,https://a0.muscache.com/im/pictures/ddc36f9a-9a47-43cc-9a94-9fedfd09b8be.jpg?aki_policy=large,28,a bedroom with a bed and a window,White,White
20865190,Toronto,New Toronto,"Lake Veiw Cozy, Totally Privat Toronto Studio.",43.59671,-79.51196,3,Entire apartment,https://a0.muscache.com/im/pictures/8031db63-86e8-4322-88d6-73aee9d9ff1a.jpg?aki_policy=large,29,a bedroom with a bed and a window,Grey,Grey
23168522,Toronto,The Annex,Modern Renovated Bachelor Apartment,43.67516,-79.40659,2,Entire apartment,https://a0.muscache.com/im/pictures/4b801333-17f7-4685-ad61-a32a8864c1ea.jpg?aki_policy=large,64,a bedroom with a bed in a hotel room,Grey,Grey
18993947,Toronto,Harbourfront,2BR AMAZING 50+ Floor CN Tower View,43.64143,-79.38104,6,Entire condominium,https://a0.muscache.com/im/pictures/7b88911f-10e4-44d5-aba3-9342c0162b97.jpg?aki_policy=large,97,a large white building,Grey,Blue
29988364,Toronto,The Annex,Accessible & Modern Downtown Studio,43.67065,-79.40393,2,Entire apartment,https://a0.muscache.com/im/pictures/00aab18f-26fb-4969-9acd-b253a248fd36.jpg?aki_policy=large,34,a large white bed sitting in a room,White,White
20094311,Toronto,Harbourfront,Marvel at City Skyline and Lake View from Sixty Floors Up,43.641788,-79.381874,4,Entire apartment,"https://a0.muscache.com/4ea/air/v2/pictures/4a5770ca-60e7-47a0-83c2-17b1b7baa299.jpg?t=r:w1200-h720-sfit,e:fjpg-c90",87,a living room filled with furniture and a large window,White,White
34719672,Toronto,Garden District,Studio Retro at Downtown Core,43.6537,-79.37361,4,Entire apartment,https://a0.muscache.com/im/pictures/33bf8fb1-6b5f-43ff-ae32-45cbb933eae5.jpg?aki_policy=large,47,a bedroom with a bed and desk in a room,Grey,White
21816682,Toronto,Downtown Toronto,"Cosy Flat, Super view,Min from Dundas Sq.&Bloor St",43.66547,-79.37954,2,Private room,https://a0.muscache.com/im/pictures/d576b515-5a58-4acc-b2d1-7be154e75fd7.jpg?aki_policy=large,41,a view of a city at sunset,White,White
28566082,Toronto,Dovercourt Park,Tranquility - Dufferin & Bloor,43.66397,-79.43628,2,Entire guest suite,https://a0.muscache.com/im/pictures/ef2b2c49-9a24-48ee-ac9d-df060b0f1d39.jpg?aki_policy=large,55,a living room filled with furniture and a flat screen tv,Black,White
11068703,Toronto,Downtown Toronto,"Best Location, View AND attached to Union Station!",43.64262,-79.38053,5,Entire condominium,https://a0.muscache.com/im/pictures/c5e9696a-c25e-40ba-b412-6495789d8f19.jpg?aki_policy=large,66,a view of a large window,Grey,Grey
32156739,Toronto,Downtown Toronto,Step out to the Balcony for Unobstructed Toronto City Views,43.6411,-79.39668,2,Entire condominium,"https://a0.muscache.com/4ea/air/v2/pictures/a4d54984-734a-4c9d-bbdc-545c48320b76.jpg?t=r:w1200-h720-sfit,e:fjpg-c90",82,a living room filled with furniture and a large window,White,White
17240473,Toronto,Davisville,Brand new 1 Bedroom + Den and Parking,43.70701,-79.39481,3,Entire apartment,https://a0.muscache.com/im/pictures/6bf1c3ae-a733-4faf-8b9b-e1ebee2f76dc.jpg?aki_policy=large,64,a kitchen with a table in a room,White,White
11775116,Toronto,Davisville,"! COZY BRIGHT ROOM, DAVISVILLE SUBWAY ST.",43.69882,-79.38977,1,Private room,https://a0.muscache.com/im/pictures/cb0c65a3-a522-420c-ac31-17514933ee18.jpg?aki_policy=large,25,a bedroom with a bed and desk in a small room,Brown,Brown
9078948,Toronto,Downtown Toronto,48th Fr DT Toronto CN Tower view Scotiabank Arena,43.64111,-79.38314,3,Entire condominium,https://a0.muscache.com/im/pictures/dd215e2f-a2c3-40b4-9405-12d0813d5c17.jpg?aki_policy=large,75,a chair sitting in front of a window,White,Grey
8355488,Toronto,Downtown Toronto,✦Spectacular VIP Suite✦Best in Trendy King West✦,43.64619,-79.39867,4,Entire condominium,https://a0.muscache.com/im/pictures/1797e82d-d3fc-4b27-8253-d5d212c79b73.jpg?aki_policy=large,90,a large white bed in a room,White,White
17787008,Toronto,Downtown Toronto,Bright High Rise Condo with Stunning Views,43.64397,-79.38839,4,Entire condominium,https://a0.muscache.com/im/pictures/f1d4e6f4-70c9-482d-b991-df9f61ccbced.jpg?aki_policy=large,84,a living room filled with furniture and a large window,White,White
36168830,Toronto,Garden District,Wilderness Suite- No Cleaning fee & Free Breakfast,43.65954,-79.37205,2,Private room,https://a0.muscache.com/im/pictures/b05b60ba-177d-444a-b432-1e091ecdc8da.jpg?aki_policy=large,66,a bedroom with a bed and desk in a room,Black,Black
9651151,Toronto,Saint Lawrence,"Downtown Luxury, Private Bathroom & Own Courtyard",43.64921,-79.36485,2,Private room,https://a0.muscache.com/im/pictures/6417f24d-f58c-4659-b4f7-9b756bd21a6e.jpg?aki_policy=large,54,a bedroom with a bed and a chair in a room,Black,Brown
17979234,Toronto,Downtown Toronto,"Explore Toronto from a Sleek, Contemporary Condo",43.64439,-79.38974,2,Entire condominium,"https://a0.muscache.com/4ea/air/v2/pictures/2c4a0e25-1fb6-44b9-b694-3bdbd38d9b03.jpg?t=r:w1200-h720-sfit,e:fjpg-c90",91,a living area with a desk and chair in a room,White,White
7227180,Toronto,Yorkville,Modern Luxury Yorkville Condo,43.670368,-79.394768,2,Entire condominium,https://a0.muscache.com/im/pictures/98456123/8058ad23_original.jpg?aki_policy=large,68,a bedroom with a large bed in a hotel room,Grey,White
1202734,Toronto,Downtown Toronto,3 beds @ Kensington w. free parking,43.65623,-79.3986,4,Entire apartment,https://a0.muscache.com/im/pictures/93746987/be24f33a_original.jpg?aki_policy=large,56,a dining room table,White,White
33997173,Toronto,The Pocket,⭐️BRIGHT 1 BR APT | ENSUITE BATH | PRIV. ENTRANCE,43.67719,-79.33836,4,Entire guest suite,https://a0.muscache.com/im/pictures/664c3b49-01c8-4309-b350-9380abc3f984.jpg?aki_policy=large,41,a bedroom with a bed and desk in a room,White,White
36041006,Toronto,Garden District,Petite and Centrally Located APT 5 mins walk Eaton,43.65448,-79.37416,2,Entire apartment,https://a0.muscache.com/im/pictures/6384497a-43be-4c69-92e8-65dd90e12897.jpg?aki_policy=large,38,a bedroom with a bed and a mirror,Grey,Grey
14820061,Toronto,Glen Park,Spacious Private Suite: Parking; 1 block to Subway,43.70752,-79.44369,2,Entire house,https://a0.muscache.com/im/pictures/60bb61e0-e24e-4699-92a8-96e2d4a33af1.jpg?aki_policy=large,44,a room filled with furniture and a fireplace,Black,Brown
29928960,Toronto,Garden District,Cozy 1BR APT Downtown 5 mins walk  Eaton Centre,43.65438,-79.37393,4,Entire apartment,https://a0.muscache.com/im/pictures/df1a3c53-c67d-48b2-a266-1f2a305892d4.jpg?aki_policy=large,38,a hotel room with a bed and a curtain,Black,Black
3464606,Toronto,Saint Lawrence,"Downtown Luxury, Private Bathroom!",43.64906,-79.36481,2,Private room,https://a0.muscache.com/im/pictures/0e571569-9636-4430-bf07-a6db9d0bf6e0.jpg?aki_policy=large,54,a living room with a bed and a window,Brown,Brown
29010701,Toronto,Harbourfront,Warm & Cozy Room with CN Tower Views,43.64052,-79.38258,2,Private room,https://a0.muscache.com/im/pictures/b529981e-92ed-41fa-a9c7-6dfc444d3c09.jpg?aki_policy=large,37,a view of a city at sunset,Orange,Brown
19202117,Toronto,Downtown Toronto,Sleek Penthouse Condo at Super Location Downtown!,43.64904,-79.38792,3,Entire apartment,https://a0.muscache.com/im/pictures/d02708d7-3fc7-43d2-9a86-f3ae098495bd.jpg?aki_policy=large,69,a tall glass building in a city,Grey,Blue
22900152,Toronto,Riverdale,Sunny Victorian home w/ free parking,43.6639,-79.34639,4,Entire apartment,https://a0.muscache.com/im/pictures/fa9cb2a0-6a5f-4bf4-8296-5d1b33881e7c.jpg?aki_policy=large,50,a large red chair in the living room,White,Grey
35483427,Toronto,Downtown Toronto,"Hotel Style Room + CN Tower View, Subway/ACC",43.64402,-79.37991,2,Entire condominium,https://a0.muscache.com/im/pictures/4761fa3e-fd53-4d00-837b-97fdf36f15e5.jpg?aki_policy=large,68,a bedroom with a bed and desk in a hotel room,White,White
21984758,Toronto,Downtown Toronto,Centrally Located Condo With Beautiful Lake View,43.64001,-79.39349,6,Entire condominium,https://a0.muscache.com/im/pictures/44d9a22e-f532-4e42-956e-d12c489f1596.jpg?aki_policy=large,53,a lit up city at night,Black,Black
22001921,Toronto,Downtown Toronto,Centrally Located Condo - Beautiful CN Tower View,43.64152,-79.39575,4,Entire condominium,https://a0.muscache.com/im/pictures/c6c8ecf3-a4e8-46c2-b142-a418b4011e33.jpg?aki_policy=large,53,a river with a city in the background,Green,Grey
34231092,Toronto,Downtown Toronto,"Luxurious, modern, SKY-high CN tower view en-suite",43.6429,-79.3808,4,Private room,https://a0.muscache.com/im/pictures/0e8678a8-f080-4fbd-9983-338662626977.jpg?aki_policy=large,55,a view of a city,Grey,Blue
20125181,Toronto,Cabbagetown,Private Retreat in Central Toronto,43.66589,-79.36967,2,Private room,https://a0.muscache.com/im/pictures/0a6f39f8-0454-4c58-9f19-34a82bc36da8.jpg?aki_policy=large,52,a bedroom with a bed in a room,Grey,Grey
23277931,Toronto,Downsview,"10% off Fancy Room 15' Airport, York uni, Yorkdale",43.73661,-79.50946,2,Private room,https://a0.muscache.com/im/pictures/de46419b-efe9-4fb9-ac1e-286b50487145.jpg?aki_policy=large,14,a bedroom with a bed and desk in a room,White,White
7253645,Toronto,Parkdale,Queen St. West Bachelor Apt.,43.63902,-79.44039,1,Entire apartment,https://a0.muscache.com/im/pictures/b6f7f01b-0052-4ec4-9a79-9f2e129d4657.jpg?aki_policy=large,38,a desk in a room,Grey,Grey
30476433,Toronto,Amesbury,Bright and Spacious Suite - Close to Yorkdale,43.700375,-79.483376,3,Entire guest suite,https://a0.muscache.com/im/pictures/813a612b-6467-4952-af65-1d5f9c26f299.jpg?aki_policy=large,57,a living room filled with furniture and a wood floor,White,White
32088956,Toronto,Downtown Toronto,Private Room in a stunning lake view location,43.64271,-79.38141,1,Private room,https://a0.muscache.com/im/pictures/94f4cace-c903-492e-8565-00e2813ca0a8.jpg?aki_policy=large,56,a large body of water with a city in the background,White,White
6603099,Toronto,Saint Lawrence,Bedroom in Distillery District,43.64831,-79.36639,1,Private room,https://a0.muscache.com/im/pictures/83548017/a9605e63_original.jpg?aki_policy=large,44,a bench in a garden,Black,Grey
13475435,Toronto,Dufferin Grove,Cozy New Studio Apartment in TO's Coolest Hood,43.65115,-79.43504,2,Entire apartment,https://a0.muscache.com/im/pictures/961c40e9-6430-4a97-8e42-895e6fac7b50.jpg?aki_policy=large,38,a bedroom with a bed and a chair in a room,Grey,Grey
15271092,Toronto,Garden District,"Big, Bright, Hidden Gem on Queen St.",43.6543,-79.37518,2,Private room,https://a0.muscache.com/im/pictures/cad14380-091f-4945-bcb3-a5d1e5c703ab.jpg?aki_policy=large,37,a bedroom with a bed in a hotel room,White,White
15590063,Toronto,Niagara,Modern Serviced Condominium in Heart of Downtown,43.63753,-79.40675,4,Entire apartment,"https://a0.muscache.com/4ea/air/v2/pictures/80191c07-d17c-4a94-a0b2-6b7cf226cdd2.jpg?t=r:w1200-h720-sfit,e:fjpg-c90",68,a bedroom with a bed in a room,White,White
23752030,Toronto,Roncesvalles,Hidden Gem in Trendy Roncesvalles/Parkdale,43.6393,-79.45171,2,Entire apartment,https://a0.muscache.com/im/pictures/96d2ae9f-8401-41dc-bd6e-89a12dbeb49f.jpg?aki_policy=large,45,a large bed sitting in a room,White,Grey
9509339,Toronto,Downtown Toronto,Chic High Rise With Stunning VIEWS!,43.64201,-79.38222,2,Entire condominium,https://a0.muscache.com/im/pictures/bd14e30a-6629-41f9-ab6f-56824b6bffcc.jpg?aki_policy=large,90,a group of people performing on a counter,Black,Grey
25208606,Toronto,The Annex,Modern Downtown Studio,43.66982,-79.40609,2,Entire apartment,https://a0.muscache.com/im/pictures/92fd6b04-973f-463d-90ea-6773bda26f31.jpg?aki_policy=large,39,a bedroom with a bed and a window,Grey,Grey
26263852,Toronto,Downtown Toronto,Chic 1BR with Skyline View Near Scotiabank Arena,43.64166,-79.39679,2,Entire condominium,https://a0.muscache.com/im/pictures/49ff06a4-fb2f-4d58-a78a-22f30ed70fd2.jpg?aki_policy=large,63,a bedroom with a bed and a large window,Grey,White
16195283,Toronto,Downtown Toronto,VIEWS+PARKING+LOCATION= Best Downtown Experience,43.63862,-79.39631,6,Entire condominium,https://a0.muscache.com/im/pictures/1ecdbf4e-6d6b-4616-a660-4ca5a72dca80.jpg?aki_policy=large,75,a pillow on a bed,Grey,Grey
36309174,Toronto,Downtown Toronto,Heritage Building in the Heart of Toronto,43.664581,-79.382294,2,Private room,https://a0.muscache.com/im/pictures/fadcd1d4-7934-43f6-8160-7dc97676ee9b.jpg?aki_policy=large,43,a bench in front of a building,Grey,Green
9325311,Toronto,Downtown Toronto,CORE DownTown PRIME location @ SCOTIABANK ARENA,43.64408,-79.37987,4,Entire condominium,https://a0.muscache.com/im/pictures/64f9e93b-7e52-4f3c-b38e-2c7d82b49435.jpg?aki_policy=large,67,a large white bed in a room,White,Grey
35547867,Toronto,Downtown Toronto,"Lakeview Luxury 8900 TV chanls,parkn,Netflx,jacuzi",43.64179,-79.39477,2,Private room,https://a0.muscache.com/im/pictures/0bc4be2e-d50d-4467-b40c-2cf00a752d44.jpg?aki_policy=large,66,a room filled with furniture and a large window,White,Grey
28455332,Toronto,Dovercourt Park,Cozy private room close to subway,43.66146,-79.43362,1,Private room,https://a0.muscache.com/im/pictures/618f746e-b8ce-4ae3-96a1-7c431d974eb6.jpg?aki_policy=large,19,a bed with a lamp on a table,Brown,Brown
18615582,Toronto,Niagara,Stunning | Downtown | CN Tower View /,43.6362,-79.40572,4,Entire apartment,https://a0.muscache.com/im/pictures/50d45b34-1c8e-44e2-b3d4-4180046b4aca.jpg?aki_policy=large,67,a living room filled with furniture and a large window,Grey,Grey
22676052,Toronto,Downtown Toronto,"U of T, museums, galleries,shopping",43.664532,-79.387451,4,Entire condominium,https://a0.muscache.com/im/pictures/db40d705-32eb-41c0-a4d1-07b194978a98.jpg?aki_policy=large,75,a dining room table in front of a window,White,White
11431453,Toronto,Downtown Toronto,C1 Cozy studio in heart of the city,43.66238,-79.3793,2,Entire apartment,https://a0.muscache.com/im/pictures/db78f144-195b-49ed-ad49-8b0fd79a9cae.jpg?aki_policy=large,62,a bedroom with a bed and desk in a room,Grey,Black
28368298,Toronto,Niagara,"Panoramic view,downtown,Liberty Village/exhibition",43.63844,-79.41532,2,Entire condominium,https://a0.muscache.com/im/pictures/12771cc2-0b4b-46ef-8e98-01b7fc4b30ad.jpg?aki_policy=large,75,a view of a living room filled with furniture and a large window,Grey,Grey
17971401,Toronto,Downtown Toronto,Your Home in the Entertainment District,43.64752,-79.39515,4,Entire condominium,https://a0.muscache.com/im/pictures/30db6f4d-abaf-4bd3-b732-82ffeb53b631.jpg?aki_policy=large,94,a view of a living room filled with furniture and a large window,White,Grey
29769466,Toronto,Downtown Toronto,"Hotel Style Room, CN Tower View, Subway/ACC/MTCC",43.642998,-79.381424,2,Entire condominium,https://a0.muscache.com/im/pictures/5e0dfff8-680c-4430-8cb9-53e794446d89.jpg?aki_policy=large,68,a bedroom with a bed and desk in a room,White,White
21838013,Toronto,Alderwood,"NO Cleaning fee! QueenBed, FreeWifi, Prkng, Brkfst",43.607559,-79.536156,2,Private room,https://a0.muscache.com/im/pictures/5dce0ca6-04ee-4ce8-883c-b50c46f504ab.jpg?aki_policy=large,37,a bedroom with a bed and desk in a room,Grey,Grey
23110484,Toronto,Downtown Toronto,Downtown Condo by CN Tower/TIFF/MTCC,43.64457,-79.38986,4,Entire condominium,https://a0.muscache.com/im/pictures/8eb87173-104f-4dac-bf66-fc76fdbfc650.jpg?aki_policy=large,53,a building with a pool table,White,Grey
27023329,Toronto,The Annex,Central Toronto Studio,43.67121,-79.40541,2,Entire apartment,https://a0.muscache.com/im/pictures/27798117-ba93-49ca-a645-df36dc3b2351.jpg?aki_policy=large,37,a bedroom with a bed and a window,Grey,Grey
32529029,Toronto,Dufferin Grove,Studio 29 Little Portugal,43.65143,-79.42804,2,Entire apartment,https://a0.muscache.com/im/pictures/38588eca-5452-4266-b361-76845e4ef475.jpg?aki_policy=large,34,a bedroom with a bed and desk in a room,White,Grey
30274164,Toronto,The Beaches,★Private★Walk to Beach & Shops; 10 min to Downtown,43.66314,-79.32687,4,Entire apartment,https://a0.muscache.com/im/pictures/bace4403-290e-4176-823c-d69bd7de53d6.jpg?aki_policy=large,52,a room filled with furniture and a window,White,White
18212525,Toronto,Downtown Toronto,Modern Travellers Paradise- 2+1 Bed- Queen West,43.6466,-79.40215,6,Entire loft,https://a0.muscache.com/im/pictures/be7859a8-6c71-49e9-bf1f-7917655bba8e.jpg?aki_policy=large,58,a room full of furniture,White,White
30567717,Toronto,Harbourfront,Beautiful Bachelor Suite with Amazing View!,43.64121,-79.38226,2,Entire condominium,https://a0.muscache.com/im/pictures/f3c63bd7-ccee-46fc-96e2-6f08c50582d7.jpg?aki_policy=large,52,a tall building in a city,Black,Black
22665638,Toronto,Dufferin Grove,"Spacious 2 bedroom, Little Portugal",43.64984,-79.42731,5,Entire house,https://a0.muscache.com/im/pictures/1486d238-2955-4bd9-8da3-5a898fef6b73.jpg?aki_policy=large,53,a bedroom with a large bed in a room,White,White
3942993,Toronto,Downtown Toronto,Heritage Townhome 1 - On The Park!,43.64553,-79.39327,4,Entire apartment,https://a0.muscache.com/im/pictures/c336b27c-4d3f-4600-8ac1-9038fcd99828.jpg?aki_policy=large,72,a bedroom with a large bed in a room,Grey,Black
29483375,Toronto,Harbourfront,Beautiful Condo- FREE PARKING. Heart of Downtown.,43.63779,-79.39932,4,Entire condominium,https://a0.muscache.com/im/pictures/6ee3aa1c-d729-4538-9b86-2102a9f1d964.jpg?aki_policy=large,56,a living room filled with furniture and a large window,Grey,Grey
21683443,Toronto,Niagara,Chic Queen West 1BR Apartment Toronto,43.64611,-79.40938,2,Entire apartment,https://a0.muscache.com/im/pictures/d10f4f94-26b4-4529-8e6f-7e096b78e22c.jpg?aki_policy=large,45,a living room filled with furniture and a large window,Grey,Grey
19317016,Toronto,Cedarvale Humewood,"Modern Urban Private Apt
#1 TOR neighbourhood",43.68391,-79.42729,3,Entire apartment,https://a0.muscache.com/im/pictures/f6ebc3c7-58a7-45c0-899b-5067fda88665.jpg?aki_policy=large,75,a kitchen with a sink and a microwave,White,White
15803435,Toronto,Glen Park,Indulge and Explore Toronto from an Elegant Uptown Condo,43.71485,-79.45529,3,Entire condominium,"https://a0.muscache.com/4ea/air/v2/pictures/9fcb7cc9-79da-42a2-91ce-fb83cb79dee3.jpg?t=r:w1200-h720-sfit,e:fjpg-c90",78,a screen shot of a living room,White,White
13001726,Toronto,Riverdale,The White Apartment,43.65974,-79.341141,2,Entire house,https://a0.muscache.com/im/pictures/5e80060f-8e8f-44ff-a54e-e9d6ff4d0161.jpg?aki_policy=large,56,a bed in a room,White,White
21405992,Toronto,Oakridge,An Efficiency Apartment,43.70178,-79.27656,2,Entire apartment,https://a0.muscache.com/im/pictures/49e019bb-daa3-45c0-adf2-96592499af2e.jpg?aki_policy=large,29,a bedroom with a bed in a hotel room,Grey,Grey
34829275,Toronto,Woodbine Corridor,"Fully Equipt, Private Entrance Apartment",43.6798,-79.31668,3,Entire apartment,https://a0.muscache.com/im/pictures/ce93b930-cbef-453f-9938-18ecf695a424.jpg?aki_policy=large,48,a room filled with furniture and a flat screen tv,Black,Grey
21702224,Toronto,Downtown Toronto,Financial District Executive Suite(1 Free Parking),43.65293,-79.37228,7,Entire condominium,https://a0.muscache.com/im/pictures/d37dcd13-1fff-418c-8160-df39d2d5b087.jpg?aki_policy=large,73,a car parked on a city street,White,Grey
27721227,Toronto,Niagara,Great View from Cozy Studio ☆ 5-Star Value,43.63585,-79.40478,2,Entire condominium,https://a0.muscache.com/im/pictures/92b67a37-09ed-4685-883f-0c921059aa78.jpg?aki_policy=large,54,a bedroom with a bed and a large window,White,White
19694550,Toronto,Corktown,Comfy quiet clean with  bathroom-right in downtown,43.6558,-79.36279,2,Private room,https://a0.muscache.com/im/pictures/6df751c6-4fc1-4821-8232-88784e00f6e9.jpg?aki_policy=large,29,a bedroom with a bed and desk in a room,Black,Black
20277536,Toronto,Davisville,"! PRIVATE COZY ROOM IN THE ATTIC GREAT AREA,SUBWAY",43.69683,-79.38799,1,Private room,https://a0.muscache.com/im/pictures/1aadc410-df5b-430a-8990-33030d35d82c.jpg?aki_policy=large,22,a lamp that is on the corner of a room,White,Brown
30230535,Toronto,Downtown Toronto,1 Bedroom Condo by CN Tower and Lake Ontario,43.640381,-79.397339,2,Entire condominium,https://a0.muscache.com/im/pictures/0910a2ad-659d-45e4-b4e4-8acb8f7783d2.jpg?aki_policy=large,105,a bedroom with a bed and a large window,White,White
35379698,Toronto,Garden District,Silver modern- No cleaning fee & free breakfast,43.659698,-79.37278,2,Hotel room,https://a0.muscache.com/im/pictures/c39de01a-d614-49c7-b162-37726a6fd5fa.jpg?aki_policy=large,66,a large white bed in a hotel room,Black,White
18548770,Toronto,Downtown Toronto,"Cool studio with parking. Dundas square,Central",43.65654,-79.38229,3,Entire condominium,https://a0.muscache.com/im/pictures/7949f3c8-9368-43f9-8672-0966aa434a2a.jpg?aki_policy=large,65,a living room filled with furniture and a bed,White,White
29519489,Toronto,Riverdale,East Downtown Toronto Studio Unit,43.66536,-79.34948,2,Entire apartment,https://a0.muscache.com/im/pictures/5bcb3903-69a1-44a3-93d5-0d0a8680ecf5.jpg?aki_policy=large,38,a bedroom with a bed and desk in a room,Grey,White
18721816,Toronto,Downtown Toronto,Amazing Suite with Fantastic View Next to CN Tower,43.64245,-79.38269,3,Entire condominium,https://a0.muscache.com/im/pictures/e248aac9-d57b-41a5-a9c6-277575532c46.jpg?aki_policy=large,60,a room filled with furniture and a large window,White,Black
20011209,Toronto,Garden District,"Cozy Garden District Studio, Close to Everything",43.65974,-79.37331,2,Entire apartment,https://a0.muscache.com/im/pictures/6966c8fa-72c0-435d-9c45-5eb3b19cf9c2.jpg?aki_policy=large,73,a bedroom with a bed and a chair in a room,Grey,Grey
18893052,Toronto,Old East York,Spacious Private Home 10mins to Downtown!Free Prk!,43.6968,-79.32914,9,Entire apartment,https://a0.muscache.com/im/pictures/c83e76eb-f55a-43c6-add3-6c1d15c839eb.jpg?aki_policy=large,66,a living room filled with furniture on top of a hard wood floor,Black,White
14669960,Toronto,Glen Park,Private basement suite right next to the subway,43.707851,-79.440742,3,Entire guest suite,https://a0.muscache.com/im/pictures/0bc89c8a-6719-43ab-a039-67f4710d1227.jpg?aki_policy=large,56,a kitchen with an island in the middle of a room,White,Grey
34899472,Toronto,Downtown Toronto,Luxury Downtown Toronto Suite - Fast Wifi/Balcony,43.642883,-79.380615,4,Entire condominium,https://a0.muscache.com/im/pictures/dc71ed9b-aba1-4091-a7fd-6e96daceeaa6.jpg?aki_policy=large,66,a living room filled with furniture and a large window,Grey,White
35656639,Toronto,Downtown Toronto,"Luxurious, SKY-high, modern in heart of Downtown",43.64092,-79.38325,2,Private room,https://a0.muscache.com/im/pictures/6efff03e-aa49-4837-b7d4-c561d91ea046.jpg?aki_policy=large,54,a view of a city,Grey,Blue
39292841,Toronto,The Annex,Modern Hotel-Style Studio Apartment,43.67071,-79.40606,2,Entire apartment,https://a0.muscache.com/im/pictures/9360a45b-0bf0-4000-bed0-41815ea573ba.jpg?aki_policy=large,41,a large white bed sitting in a room,Grey,White
20437221,Toronto,Harbourfront,LUXURY CONDO❤️ at TORONTO CN TOWER+ACC w LAKE VIEW,43.64106,-79.38213,4,Entire condominium,https://a0.muscache.com/im/pictures/28cd5e4e-56cd-44d9-8a53-2159ebec9958.jpg?aki_policy=large,54,a bedroom with a bed and desk in a room,Black,Yellow
1066718,Toronto,Niagara,PRIVATE: Bath/Garden&View/Parking/Quiet,43.64248,-79.4053,2,Entire guest suite,https://a0.muscache.com/im/pictures/98462346/ecd92689_original.jpg?aki_policy=large,75,a bedroom with a large bed in a room,Yellow,White
28952946,Toronto,Downtown Toronto,Prime DT + FREE PARKING @SCOTIABANK ARENA & UNION,43.64168,-79.38277,4,Entire condominium,https://a0.muscache.com/im/pictures/e4c9d3f9-4bb0-4752-aa25-132de5b0bf38.jpg?aki_policy=large,49,a tall building in a city,White,Blue
26686783,Toronto,Harbourfront,★5-Star Stay★ by CN Tower & Entertainment District,43.63795,-79.39737,2,Entire condominium,https://a0.muscache.com/im/pictures/67002727-38d2-4be7-aa2d-3beabc29df91.jpg?aki_policy=large,72,a living room filled with furniture and a flat screen tv,White,White
31903491,Toronto,Downtown Toronto,★Panoramic View★Dazzling Suite | Downtown Toronto❤️,43.64107,-79.39624,4,Entire condominium,https://a0.muscache.com/im/pictures/9326a44e-b911-4571-9c6c-5b637da19c0d.jpg?aki_policy=large,75,a bedroom with a large bed in a room,White,White
29717706,Toronto,Yorkville,Spectacular Yorkville Luxury Suite (3 TVs),43.67147,-79.39388,3,Hotel room,https://a0.muscache.com/im/pictures/6a4dcaed-ffb2-45bb-9f83-9804eac5ffd0.jpg?aki_policy=large,52,a view of a living room with a large window,Grey,Grey
38330904,Toronto,Riverdale,A Comfortable Clean private room downtown Toronto,43.66222,-79.35304,2,Private room,https://a0.muscache.com/im/pictures/2ad96b67-c518-409f-931e-db87e2d1da6d.jpg?aki_policy=large,37,a painting on the wall,Grey,Grey
7047706,Toronto,Woodbine Corridor,★Quiet Room w/Garden View - 7 Min Walk To Subway★,43.681,-79.31797,2,Private room,https://a0.muscache.com/im/pictures/5d44507e-e3f3-43d3-8302-2be5f6c99690.jpg?aki_policy=large,36,a living room filled with furniture and a fireplace,White,White
5184341,Toronto,Niagara,2-Storey Loft with 18 ft Ceilings,43.63933,-79.41933,2,Entire loft,"https://a0.muscache.com/4ea/air/v2/pictures/980edf79-e996-42dd-add8-6276a8c05fa7.jpg?t=r:w1200-h720-sfit,e:fjpg-c90",87,a view of a living room,Grey,White
28964371,Toronto,Downtown Toronto,★ Amazing Lake View Penthouse ★ Free parking,43.639782,-79.397949,4,Entire condominium,https://a0.muscache.com/im/pictures/bd24632c-6a82-4c17-aa84-4ce37bb3cf65.jpg?aki_policy=large,75,a living room filled with furniture and a window in a kitchen,White,Grey
3950747,Toronto,Saint Lawrence,"Downtown -- Quiet, Private Room",43.64898,-79.36413,2,Private room,https://a0.muscache.com/im/pictures/7c57e5d0-892b-4e95-b9f1-95bbef832ff0.jpg?aki_policy=large,51,a bedroom with a bed and desk in a room,White,Brown
18214988,Toronto,Downtown Toronto,Heart of Downtown. Luxurious 2 Bedroom Condo.,43.64124,-79.3828,6,Entire apartment,https://a0.muscache.com/im/pictures/5b7b11e8-1458-430f-85e0-ea67e7d0111c.jpg?aki_policy=large,81,a living room filled with furniture and a large window,White,White
22100548,Toronto,Niagara,"5☆ Modern Living in T.O.+Location,WiFi,Netflix,Gym",43.63696,-79.40052,2,Entire apartment,https://a0.muscache.com/im/pictures/645214fa-c250-4e50-87e4-602b01c5ede8.jpg?aki_policy=large,75,a living room filled with furniture and a tv,White,Grey
